Name,URL,Category,100-char description
Upstatement,https://upstatement.com,Design Studio,"Digital product and brand studio crafting editorial-grade sites, apps, and systems."
Carrot,https://carrot.tech,Climate Tech / SaaS,Platform turning real-world actions into rewards and measurable climate impact.
Adnaut,https://www.adnaut.digital,Marketing Consultancy,"Media and analytics consultancy optimizing ad spend with data, creative, and tooling."
Impossible Foods,https://impossiblefoods.com,Food Tech,"Plant-based meat brand making sustainable, tasty alternatives for burgers and more."
The Finnish Institute in the UK and Ireland,https://fininst.uk,Cultural Institution,"Cultural institute linking Finland with the UK and Ireland through arts, research, events."
Keith Greenbaum,https://www.keithgreenbaum.com,Portfolio / Creative,"Photographer and director portfolio showcasing still life, product, and motion work."
Igma,https://igma.im,Portfolio / Creative,"Design and development portfolio featuring playful UI, identities, and interactive work."
Stōkt Creative Co.,https://wearestokt.com,Design Studio,"Motion-led design studio building brands, products, and purposeful web experiences."
Cursor,https://cursor.com,AI Tool / Developer,"AI code editor that understands your repo, writes diffs, and accelerates shipping."
Atlas Studio,https://atlas-studio.framer.website,Template / Portfolio,"Framer portfolio template for studios—clean cards, crisp typography, fast setup."
Arcade,https://www.arcade.software,SaaS,SaaS for interactive product demos that educate users and boost conversions.
Aaron Poe,https://aaronpoeandco.com,Portfolio / Creative,"Creative director portfolio—culture-led brands, motion systems, and campaigns."
Jakub Zeg,https://www.zegzulka.com,Portfolio / Creative,"Designer portfolio delivering dynamic, interactive visuals across platforms."
Central,https://centralhq.com,Fintech / HR SaaS,"Fintech HR suite for payroll, benefits, and compliance with AI-assisted workflows."
Destello,https://destello.framer.website,Design Studio / Template,"Minimal Framer studio site and template focused on clarity, speed, and brand impact."
Webflow,https://webflow.com,SaaS,"Visual web platform to design, build, and host responsive, CMS-powered sites."
Early Works,https://www.early.works,Product Studio,Product studio that co-builds new companies across applied AI and emerging tech.
Keto,https://ketosoftware.com,SaaS,"Portfolio and OKR software for strategy, planning, and reporting at scale."
Craft,https://www.craft.do,SaaS,"Modern docs and notes app for writing, organizing, and publishing work beautifully."
Cofounder,https://cofounder.com,Product Studio,"Partner that helps founders validate, fund, and launch new products fast."
AirPods Pro 3,https://www.apple.com/airpods-pro,Hardware,"Premium ANC earbuds with Adaptive Audio, USB-C, and immersive Spatial sound."
Form&Fun,https://www.formandfun.co,Design Studio,"Playful studio crafting standout brands, websites, and motion-led experiences."
Atomize,https://atomizedesign.com,Design Studio,"Design-engineering team shipping fast UI systems, brands, and front-end builds."
PlayerZero,https://playerzero.ai,SaaS / DevTool,"User issue tracking that turns customer signals into clear, fixable bugs."
Hurt Feelings,https://www.hurt-feelings.com,Design Studio,Independent studio making brave brand identities and expressive web work.
Mercury,https://mercury.com,Fintech,"Banking for startups: accounts, cards, payments, and modern treasury tools."
Undone,https://undone.com,Design Studio,"Creative studio building bold identities, campaigns, and digital products."
Curated Supply,https://curated.supply,E-commerce,Curated marketplace of quality goods from independent makers and brands.
Plasticity,https://www.plasticity.xyz,AI Tool,"Tools and research to train, inspect, and deploy high-performance LLMs."
Parallel,https://parallel.ai,AI Tool,"AI data platform for synthetic data, labeling, evaluation, and quality."
Taskco,https://taskco.webflow.io,Template,"Webflow template for task SaaS: feature pages, pricing, blog, and support."
Roomie,https://roomie.framer.website,Template / Real Estate,"Framer template for roommate or rental listings with map, cards, and contact."
PostHog,https://posthog.com,SaaS / Analytics,"Product OS: analytics, session replay, feature flags, and A/B testing in one."
Tempo,https://tempo.xyz,Product Studio,"Studio designing thoughtful software, brands, and digital experiences."
Antonin Saurat,https://www.antoninsaurat.work,Portfolio,"Designer-developer portfolio with type-driven, interactive web projects."
Latitude.sh,https://latitude.sh,Cloud / SaaS,"Developer-first bare-metal cloud: GPUs, APIs, global regions, clear pricing."
Operate,https://operate.so,SaaS,"AI-assisted operations workspace to automate tasks, docs, and workflows."
Tandem.bi,https://tandem.bi,SaaS / Analytics,"Collaborative BI: shared metrics, dashboards, and dependable data workflows."
Jonas,https://jonas-template.framer.website,Template / Portfolio,Minimal Framer portfolio template with clean grid case studies and about page.
Fin,https://fin.ai,AI Tool / Support,AI support agent that answers customer questions and resolves tickets fast.
The Webflow Way,https://webflow.com/blog/webflow-way,Education / Design,Lessons and stories on building for the web the Webflow way.
Shelby,https://shelby.xyz,AI Tool,AI research and reading assistant for faster insight from complex sources.
Redo Media,https://redomedia.com,Media / Creative,Content studio helping brands produce sharp video and digital stories.
Canals and Windmills,https://canalsandwindmills.com,Design Studio,"Independent studio crafting thoughtful brands, sites, and visuals."
Kastle,https://www.kastle.ai,AI Tool,"AI workspace that organizes info, answers questions, and speeds decisions."
Wispr Flow,https://wispr.ai,Hardware / AI,"Wearable + AI interface aimed at natural, hands-free computing."
The Defense Reformation,https://thedefensereformation.com,Media / Public Policy,"Writing on defense tech, doctrine, and modern deterrence."
Bridge Consulting,https://bridge.consulting,Consulting,"Advisory for strategy, operations, and digital execution."
Duna,https://duna.com,Fintech,Payments and financial tools for growing businesses in emerging markets.
L'Étude,https://letude.group,Design Studio,Paris-based studio shaping brand identities and digital experiences.
Monograph,https://monograph.com,SaaS / Ops,Project and practice management software for architecture firms.
Anatoly Ivanov,https://anatoly.design,Portfolio,"Designer portfolio showcasing type-led, interactive web work."
re_,https://regrocery.co,E-commerce / Sustainability,Refill-first grocery brand delivering low-waste staples and home goods.
Studio Almond,https://www.almond.studio,Design Studio,"Brand and web studio building elegant, conversion-focused experiences."
Gradient Labs,https://gradient-labs.ai,AI Studio,"Applied AI studio researching, prototyping, and shipping ML products."
Graza,https://www.graza.co,E-commerce / CPG,"Squeeze-bottle olive oil brand delivering fresh, single-origin EVOO."
Paraform,https://paraform.com,SaaS / Hiring,Platform connecting companies with vetted talent for open roles.
Rare Assembly,https://rareassembly.com,Design Studio,"Creative studio crafting distinct brands, campaigns, and websites."
The New Industrials,https://thenewindustrials.com,Media / Analysis,"Newsletter exploring modern manufacturing, energy, and hard tech."
The Unwash,https://theunwash.com,Media / Reviews,"Publication spotlighting mission-driven brands with honest, useful product reviews."
Town,https://www.town.com,Fintech / AI Tax,AI-powered tax prep and advice for startups and SMBs with dedicated human experts.
Basewell,https://www.basewell.com,SaaS / AI,"No-code AI platform for enterprise search, training, and automated knowledge workflows."
Firecrawl,https://www.firecrawl.dev,AI Tool / Data,"Web data API for AI—crawl, search, and extract clean, LLM-ready content at scale."
Saint Urbain,https://www.sainturbain.com,Design Agency,"Brand and digital studio crafting expressive identities, campaigns, and websites."
Julius,https://outlinetype.com/julius,Typeface,High-contrast display typeface designed for striking editorial and identity use.
GT Pantheon,https://gt-pantheon.com,Typeface,"Elegant, size-specific serif family built for display, text, and micro typography."
Kus,https://mikekus.com,Portfolio / Creative,"Mike Kus’s portfolio—bold web, brand, illustration, and photography projects."
The Equity Fund,https://theequityfund.org,Nonprofit / Climate,"Philanthropy advancing equitable climate action with local, community-led power."
New Layer Capital,https://nlc.obys.agency,Venture Capital,Investment firm backing companies building on Bitcoin across energy and apps.
Daniel Sun,https://danielsun.co,Portfolio,Designer portfolio site.
Pepette,https://pepette.co,E-commerce / CPG,Fresh pet-food brand.
Liveblocks,https://liveblocks.io,SaaS / DevTool,Ready-made AI copilots and multiplayer features to add realtime collab to apps.
Mirage,https://mirage.framer.media,Template,Framer template for AI/SaaS—high-impact pages optimized for launches that convert.
Vlad Zaporozhskyi,https://www.zapovlad.com,Portfolio,Toronto product designer focused on joyful interactions and scalable systems.
TOP,https://top.studio,Design Studio,Creative studio.
NewWorld,https://newworld.com,Creative / Strategy,Cultural intelligence agency.
Cluely,https://cluely.com,AI Tool,"Real-time meeting copilot offering guidance, feedback, and instant follow-ups."
Jords+Co,https://jordsandco.com,Design Studio,Brand and web studio.
Aino,https://aino.agency,Design Agency,European brand and digital studio delivering refined identities and websites.
DICE,https://dice.fm,Ticketing / Entertainment,"Ticketing app for live music, festivals, and clubs with discovery, waitlists, resales."
Runway,https://runwayml.com,AI Tool / Video,"AI video and image platform for text-to-video, editing, and creative workflows."
Cash App,https://cash.app,Fintech,"Peer-to-peer payments, banking, cards, and investing in one mobile-first fintech app."
&Fold™,https://andfold.co,Design Studio,"Brand and digital studio crafting identities, websites, and motion for modern companies."
Penny Pension,https://pennypension.com,Fintech / Retirement,"Retirement app automating contributions, tracking growth, and simplifying long-term planning."
Cyphr,https://www.cyphr.studio,Design Studio,"Design studio and product partner delivering brands, websites, and digital systems."
NTGent,https://ntgent.be,Arts & Culture / Theatre,"City theatre producing contemporary performances, festivals, and cultural programs."
Elegant Seagulls,https://elegantseagulls.com,Design Agency,"Award-winning creative agency building bold brands, websites, and campaign experiences."
Devouring Details,https://devouringdetails.com,Media / Design Blog,"Design blog exploring packaging, branding, spaces, and product details that delight."
Best Friend Finance,https://www.bestfriend.finance,Fintech / Education,"Personal finance guides, tools, and coaching to build confident money habits and plans."
Kinhive,https://kinhive.com,SaaS / Community,"SaaS for community-led growth with member tools, analytics, monetization, and payments."
Rise at Seven,https://riseatseven.com,Marketing Agency,"Search-led creative agency driving growth with PR, content, and technical SEO."
Solflare,https://solflare.com,Crypto / Wallet,"Non-custodial Solana wallet for DeFi, NFTs, staking, and secure cross-platform access."
Baseform,https://baseform.com,SaaS / Analytics,"Data and analytics software for monitoring, modeling, and long-term asset planning."
Recraft,https://recraft.ai,AI Tool / Design,"AI design tool generating vector art, icons, textures, and brand-ready illustrations."
Thursday,https://thursdayapp.com,Consumer App / Dating,"Dating app built around weekly drops, live events, and real-world meetups."
Revitin,https://revitin.com,E-commerce / CPG,"Prebiotic toothpaste brand offering gentle, non-toxic oral care for daily use."
Sunrise Robotics,https://sunriserobotics.com,Robotics / Hardware,Robotics company building autonomous systems and tools for real-world operations.
Payman,https://payman.io,Fintech / Payroll,"Payroll and payments platform simplifying global payouts, compliance, and reporting."
Sidestage,https://www.sidestage.vc,Venture Capital,"Venture firm backing early founders with capital, community, and hands-on support."
Speakeasy,https://www.speakeasy.com,SaaS / Community,"Platform for private communities to run memberships, events, and curated experiences."
Telescope,https://telescope.fyi,Media / Directory,"Tech trend tracker and directory curating tools, startups, and ideas worth watching."
PrimeLink,https://www.primelink.io,SaaS,"Link management and tracking to route audiences, analyze clicks, and grow funnels."
Streamtime,https://streamtime.net,SaaS / PM,"Job planning, time tracking, and invoicing software built for creative studios."
Outtake,https://www.outtake.ai,AI Tool / Video,AI platform that turns scripts and assets into production-ready video variations.
PUR+ Architekten,https://purplus.de,Architecture Studio,Contemporary architecture practice designing human-centered spaces and systems.
Dropbox Dash × McLaren F1,https://dropbox.com/dash,Campaign / Case Study,Collab showcase of AI search and workflows powering elite motorsport operations.
Last Studio,https://last-studio.framer.website,Template / Portfolio,"Framer template for studios—bold grid, crisp type, and ready-to-ship case layouts."
Flank,https://flank.com,Product Studio,Venture partner building and shipping thoughtful digital products and brands.
Hypra,https://hypra.studio,Design Studio,"Brand, 3D, and web studio crafting immersive identities and interactive sites."
Headroom,https://headroom.com,AI Tool / Meetings,"AI meeting assistant for notes, action items, and searchable team knowledge."
Dapper,https://meetdapper.com,Crypto / Wallet,"Consumer crypto wallet enabling apps, NFTs, and payments with simple onboarding."
Aether 1,https://www.aether1.ai,AI Tool / Agents,"Autonomous AI agents that research, plan, and execute multi-step workflows."
Glide,https://glideapps.com,SaaS / No-code,No-code app builder to turn spreadsheets and data into polished mobile apps fast.
Frank Chimero,https://frankchimero.com,Portfolio,"Designer–writer portfolio exploring design, culture, and thoughtful web essays."
Resend,https://resend.com,SaaS / DevTool,"Developer-first email API with templates, webhooks, logs, and reliable delivery."
Composio,https://composio.dev,AI Tool / Dev,"Connect AI agents to 100+ apps and APIs with secure actions, auth, and monitoring."
Alone in New York,https://aloneinnewyork.com,Media / Photography,"Photo series capturing quiet, cinematic moments across New York’s streets."
Finta,https://www.finta.com,SaaS / Fundraising,"Fundraising OS for startups: data rooms, pipeline tracking, and investor updates."
Mikki Sindhunata,https://mikkisindhunata.com,Portfolio,"Designer–developer portfolio with type-forward, interactive web experiments."
Anime.js,https://animejs.com,DevTool / Library,"Lightweight JS animation library for CSS, SVG, DOM, and JS object motion."
Windsurf,https://windsurf.com,DevTool / IDE,"AI-powered IDE that plans, edits, and ships code with agentic workflows."
Intercom Design,https://intercom.design,Design System,"Intercom’s system: foundations, components, patterns, and accessibility guidance."
Metaview,https://metaview.ai,AI Tool / Hiring,"Interview intelligence that records, transcribes, and analyzes hiring calls."
HiPortfolio,https://hiportfolio.co,Template / Portfolio,"No-code portfolio builder with templates, case-study blocks, and simple CMS."
Orbi,https://orbi.studio,Design Studio,"Brand and product studio crafting identities, websites, and digital systems."
Coidar,https://coidar.com,AI Tool / Dev,"AI coding assistant and docs search to speed reviews, fixes, and onboarding."
Velora Home,https://www.velorahome.com,E-commerce / Home,"Luxury home textiles and décor: handcrafted bedding, linens, and refined accents."
Juice,https://juice.studio,Design Studio,"Creative studio building bold brands, campaigns, and expressive web work."
Ragged Edge,https://raggededge.com,Brand Agency,London brand agency creating category-defining identities and brave strategies.
Realm,https://www.withrealm.com,Real Estate / Fintech,"Home valuation and equity insights to plan renovations, buys, or refinancing."
Advis Law,https://advishawaii.com,Legal Services,"Hawaii law firm offering business, real estate, and litigation counsel."
Collserola,https://collserola.com,Design Studio,"Independent studio crafting modern brands, sites, and product experiences."
Studio Juicebox,https://studiojuicebox.com,Design Studio,"Design & dev team for web, 3D, and motion—playful, fast, conversion-minded."
Nothing,https://nothing.tech,Consumer Electronics,"Minimalist phones, earbuds, and OS designed with striking transparent aesthetics."
Patch,https://www.patch.io,Climate Tech / SaaS,"Carbon removal and climate API to measure, reduce, and offset corporate impact."
Please Call Me Champ,https://pleasecallmechamp.com,Portfolio / Creative,"Designer portfolio with sharp type, motion, and thoughtful interactive pieces."
Not a Number,https://notanumber.io,Creative Studio,"Experimental studio exploring art, code, and playful interactive projects."
Dream Recorder,https://dreamrecorder.io,Media / Art,"Visual project turning dream narratives into cinematic, generative artworks."
Eliot Besson,https://eliotbesson.com,Portfolio,"Designer–developer portfolio featuring type-forward, interactive web work."
Potion,https://mixpotion.co,SaaS / Video Outreach,"Create personalized videos at scale for outreach, sales, and onboarding."
Nicolas Bussière,https://www.nicolasbussiere.com,Portfolio,"Designer–developer portfolio with refined type, motion, and client case studies."
Adaline,https://adaline.co,Brand / Studio,Creative venture.
Dia,https://www.diabrowser.com,Software / Browser,"Lightweight, privacy-first browser focused on speed, tabs, and reading flow."
Quartzo Studio,https://quartzo.studio,Design Studio,Brand and web studio.
Sergey Lisovskiy,https://lisovskiy.work,Portfolio,"Product designer portfolio—systems, mobile, and polished interactive work."
Jordan Jenkins,https://www.jkane.co,Portfolio,"Creative director portfolio blending strategy, identity, and digital builds."
Afterwork Industries,https://madeafterwork.com,Design Studio,"Independent studio crafting expressive brands, digital products, and sites."
Antimetal,https://antimetal.com,SaaS / Cloud,Automated AWS cost optimization with AI-driven rightsizing and savings.
Visual Electric,https://visualelectric.com,AI Tool / Imaging,AI image tool for designers.
Spencer Lowell,https://www.spencerlowell.com,Portfolio / Photography,"Photographer portfolio capturing science, tech, and surreal everyday scenes."
Cap,https://cap.so,DevTool / Utility,"Fast screen recorder for crisp, shareable captures on desktop."
Jasper,https://www.jasper.ai,AI Tool / Writing,"AI marketing copilot for brand-safe copy, campaigns, and on-brand content."
Merus,https://www.merus1894.com,E-commerce / Lifestyle,"Heritage label offering crafted goods with a classic, European sensibility."
Parabol,https://parabol.fi,Design Studio,"Finland-based studio delivering brand systems, web, and product design."
Studio B,https://studiob.design,Design Studio,Brand and digital studio.
Emily Lonetto,https://emilylonetto.com,Portfolio,"Growth leader portfolio—playbooks, case studies, and product experiments."
Collider,https://www.drinkcollider.com,E-commerce / CPG,Better-for-you energy drink brand with clean ingredients and bold flavors.
Moore,https://john-moore.framer.website,Template / Portfolio,"Framer portfolio template with clean grid, case blocks, and about/contact pages."
CRUSH STUDIO,https://crush.enterprises,Design Studio,"Creative studio building distinct brands, campaigns, and digital experiences."
SuperHi.cv,https://www.superhi.cv,SaaS / Portfolio,Simple portfolio builder for creatives to showcase work and land clients.
Avax.network,https://avax.network,Crypto / Blockchain,Smart-contract platform (Avalanche).
Customer.io,https://customer.io,SaaS / Marketing,"Data-driven messaging platform for email, push, SMS, and automated journeys."
Deel,https://www.deel.com,SaaS / HR,"Global hiring, payroll, and compliance for distributed teams in 150+ countries."
Made With Gsap,https://madewithgsap.com,Gallery / Dev,Showcase of websites and experiments built with GSAP animations.
Jake®,https://jake-food.com,E-commerce / Nutrition,Complete food brand.
Letters,https://letters.app,SaaS / Writing,Minimal writing and publishing app for thoughtful letters and simple newsletters.
ONBOX,https://www.onboxcreative.com,Design Studio,"Brand and web studio delivering strategy, identity, and conversion-ready sites."
Contentsquare,https://contentsquare.com,SaaS / Analytics,Digital experience analytics.
Circula,https://www.circula.com/en?ref=a1.gallery,SaaS / Fintech,"Employee expenses, travel, and benefits platform for modern finance teams."
Tailscale,https://tailscale.com,DevTool / Networking,Zero-config mesh VPN for secure access across devices and networks.
The Uncommon Founder,https://www.theuncommonfounder.com,Media / Education,"Essays, playbooks, and tools on building unconventional, resilient companies."
ANALOGUE,https://madebyanalogue.co.uk,Design Agency,"UK studio crafting brands, digital products, and high-performing ecommerce sites."
Muse Design Studio,https://musestudio.uk,Design Studio,"Boutique studio building thoughtful brand identities, motion, and modern websites."
Lué Studio®,https://lue.studio,Design Studio,Creative studio shaping refined brands and interactive web experiences.
Pixelier Mache,https://www.a1.gallery/#,Portfolio / Creative,"Experimental showcase of visuals, motion, and interactive web pieces."
EQ Lab,https://eqlab.io,Design / R&D,"Research-led team exploring AI, product strategy, and future-forward experiences."
Carl Beaverson,https://carlbeaverson.com,Portfolio,Designer–developer portfolio with crisp case studies and polished UI work.
Your Creative,https://yourcreative.com.au,Design Agency,"Melbourne agency delivering brand systems, campaigns, and conversion-focused sites."
Blackalgo,https://blackalgo.com,AI / Consulting,"Applied AI partner turning data into tools, insights, and measurable outcomes."
Muse,https://muse.place,Creative Studio,"Brand and web studio delivering identity, content, and digital products."
CMD+B,https://cmdb.studio,Design Studio,"Design practice crafting visual identities, websites, and product interfaces."
State of AI in Design,https://stateofai.design,Report / Research,"Industry report on how AI reshapes workflows, tools, and creative processes."
Contractbook,https://contractbook.com,SaaS / Legal,"All-in-one contract management: draft, sign, organize, and automate workflows."
STUDIO HERRSTRÖM,https://www.studioherrstrom.com,Design Studio,"Scandinavian studio creating bold identities, editorial visuals, and websites."
xAI,https://x.ai,AI Research,AI research company developing frontier models and real-world applications.
Method,https://method.framer.media,Template,"Framer template for agencies—clean sections, case grids, and fast publishing."
Zig Zag Creative,https://zigzagcreative.co,Design Agency,"Creative agency building energetic brands, motion, and digital campaigns."
Daniella Marynova,https://hellodani.co,Portfolio,"Art director portfolio blending cinematic visuals, type, and interactive craft."
Tars,https://hellotars.com,SaaS / Chatbots,"Build chatbots to qualify leads, book demos, and support customers at scale."
Keynote,https://apple.com/keynote,Software / Presentation,"Presentation tool for designing elegant slides, animations, and live demos."
Bird,https://bird.com,Mobility / Transportation,Micromobility company offering scooter rentals and urban transport solutions.
Human Voice Over,https://www.humanvoiceover.com,Audio / Services,Marketplace for premium human voiceovers with fast turnaround and revisions.
GT Standard,https://gt-standard.com,Typeface,"Versatile grotesk type family designed for brands, interfaces, and editorial."
CS Transformation Report,https://transformation.intercom.com,Report / SaaS,Intercom’s customer service transformation report with trends and benchmarks.
CASSETTE,https://www.cassettemusic.com,Music / Media,Label and creative collective releasing genre-bending music and experiences.
Joyful Health,https://www.joyfulhealth.io,Health / Coaching,"Faith-based wellness app with coaching, community, and habit-building tools."
Swehl,https://swehl.com,E-commerce / Health,Modern postpartum essentials and education for new parents.
Pacer,https://www.pacer.studio,Design Studio,"Brand and product studio delivering strategy, identity, and performant sites."
OFFF 2025,https://www.offf.barcelona,Conference / Festival,"International creativity festival with talks, workshops, and immersive showcases."
Eduard Bodak,https://www.eduardbodak.com,Portfolio,"Designer portfolio featuring bold type, motion, and interactive case studies."
Rabbits Black,https://rabbitsblack.com,Media / Music,"Online magazine covering rock, festivals, and live music culture."
Reown,https://reown.com,DevTool / Web3,"Tools and APIs for wallet connections, web3 auth, and secure on-chain UX."
Typography In Web Design,https://tiwd.courses,Education / Course,"Practical course on typography systems, readability, and modern web type craft."
Kindsight,https://kindsight.studio,Studio / Research,"Strategy and design studio exploring brand, product, and culture insights."
Bounti,https://bounti.com,Fintech / Rewards,"Earn, track, and redeem rewards that grow with your everyday payments activity."
Jacob Turner,https://jacobturner.design,Portfolio,Designer–developer portfolio with crisp case studies and interactive builds.
Roman Tesliuk,https://romantesliuk.com,Portfolio,"Product designer portfolio focused on clean UI, systems, and motion details."
HiKeys—1977,https://www.hikeys1977.com,Music / Creative,Retro-inspired music and design project with bold visuals and collectible vibes.
Amie,https://amie.so,SaaS / Productivity,"Calendar and tasks in one fast app designed for focus, flow, and life planning."
The Playa,https://theplaya.co,Creative Studio,"Culture-led studio crafting brands, content, and experiential digital work."
Jitter,https://jitter.video,SaaS / Motion,"Browser-based motion design to animate UI, logos, and social posts in minutes."
Uniswap,https://app.uniswap.org,Crypto / DeFi,"Leading decentralized exchange to swap, earn, and manage ERC-20 tokens."
Mural,https://mural.co,SaaS / Collaboration,"Visual collaboration whiteboard for workshops, brainstorming, and teamwork."
Hashnode,https://hashnode.com,SaaS / Blogging,"Developer blogging platform with custom domains, drafts, and community reach."
Worknight Studio,https://worknight.studio,Design Studio,"Independent studio building distinctive brands, websites, and campaigns."
Rail,https://rail.io,Fintech / Payments,Modern payments infrastructure powering global payouts and money movement.
Ameba,https://ameba.studio,Design Studio,Brand and product studio creating expressive identities and modern sites.
Epidemic Sound,https://epidemicsound.com,Music / Licensing,"Royalty-free music and SFX library for creators, brands, and productions."
Abode,https://www.abode.space,Interiors / Design,"Studio crafting thoughtful interiors, spaces, and visual identity systems."
Personio,https://www.personio.com,SaaS / HR,"All-in-one HR platform for SMEs: hiring, payroll, time off, and performance."
Hurry Up & Have Fun,https://www.hurryupandhavefun.com,Creative Studio,"Playful studio making bold brands, motion, and interactive web experiences."
Steel,https://steel.agency,Design Agency,"Brand and digital agency delivering strategy, identity, and product design."
Daybreak Studio,https://daybreak.studio,Design Studio,"Brand and web studio focused on clarity, craft, and measurable outcomes."
Navigate,https://nvg8.io,Web3 / DevTool,"Tools and APIs to build identity-aware, on-chain apps with trusted data."
Refresh Studio,https://refresh.studio,Design Studio,"Boutique studio shipping identities, websites, and content that converts."
Apollo,https://www.apollo.io,SaaS / Sales,"B2B sales platform for prospecting, enrichment, outreach, and pipeline growth."
TravelPerk,https://travelperk.com,SaaS / Travel,"Business travel booking, policy control, spend tracking, and traveler support."
SPACING,https://www.spacing.co,SaaS / Design Tool,"Spacing and layout utility to plan scales, rhythm, and consistent UI spacing."
The Stacked Store,https://stackedstore.com,E-commerce / Assets,"Marketplace for design resources, mockups, and templates for fast shipping."
Atlas,https://atlascard.com,Fintech / Card,Cash-back debit card and app with instant rewards and simple money tools.
Eco,https://eco.com,Fintech,"Spend and save app with rewards, high yield, and simple everyday payments."
Mikko Fuselle,https://fuselle-template.framer.website/home/grid-02?ref=a1.gallery,Template / Portfolio,"Framer portfolio template with bold grids, crisp type, and case-study layouts."
Haptic,https://haptic.studio,Design Studio,"Brand and product studio crafting tactile, human-centered digital experiences."
Sonder Studio,https://sonder.studio,Design Studio,"Independent studio building thoughtful brands, sites, and motion systems."
Click Therapeutics,https://www.clicktherapeutics.com,HealthTech / DTx,Prescription-grade digital therapeutics that treat disease through software.
MMI Festival,https://festival.mmilens.fr,Festival / Photography,"Student-led festival showcasing visual storytelling, media, and design work."
Caladan,https://caladan.bio,Biotech,Platform biotech advancing programmable biology and next-gen therapeutics.
Konolee,https://konolee.com,Design Studio,"Studio creating refined identities, packaging, and modern web experiences."
OneLeft,https://oneleft.co,Product Studio,Venture studio partnering with founders to design and ship new products.
Peter Tarka,https://petertarka.com,Portfolio / 3D,3D artist portfolio featuring high-impact visuals for brands and campaigns.
Osmo,https://playosmo.com,EdTech,Playful learning platform blending hands-on games with interactive tech.
Coinsetters,https://coinsetters.com,Fintech / Crypto,"Tools and insights for digital assets, trading, and modern crypto finance."
TwelveLabs,https://www.twelvelabs.io,AI Tool / Video,"Multimodal AI that understands video for search, summarization, and insights."
Allier Ho,https://allierho.com,Portfolio,"Designer portfolio with systems thinking, clean interfaces, and motion."
Handshake,https://joinhandshake.com,SaaS / Hiring,Early-talent hiring network connecting students and grads with employers.
Collective,https://collective.com,Fintech / Accounting,Finance and bookkeeping platform tailored for solo founders and LLCs.
Human Native,https://www.humannative.ai,AI Tool / Agents,"Enterprise AI agents that plan, execute tasks, and integrate with your stack."
Tally,https://tally.so,SaaS / Forms,"Simple, free forms that look great and connect to your tools in minutes."
GoCardless,https://gocardless.com,Fintech / Payments,"Bank-to-bank payments for subscriptions, invoices, and global collections."
New Ground Coffee,https://www.newgroundcoffee.com,E-commerce / Coffee,"Small-batch roaster serving specialty coffee with bold, modern branding."
Caldera,https://caldera.xyz,DevTool / Web3,Rollup and app-chain tooling to launch scalable blockchain applications.
Purpose Talent,https://www.purposetalent.xyz,Recruiting / Talent,"Boutique talent partner placing product, design, and go-to-market leaders."
Frame.io,https://frame.io,SaaS / Video,"Cloud video collaboration with review, approvals, and versioned assets."
Schema,https://www.schema.supply,E-commerce / Design,"Curated design tools and resources for brand, type, and digital work."
Gamma,https://gamma.app,SaaS / Docs,"AI-powered docs and decks that turn ideas into polished, shareable pages."
Trawelt,https://trawelt.com,Travel / App,"Plan trips, share itineraries, and organize bookings with a simple mobile app."
Distributional,https://distributional.ai,AI Research,"Applied AI group exploring multimodal models, tooling, and evaluations."
Cloudflare Agents,https://agents.cloudflare.com,DevTool / Platform,"Deploy AI agents on Cloudflare’s network with tools, routing, and observability."
Vendredi Society,https://vendredi.co,Design Studio,"Strategy-led creative studio crafting brands, campaigns, and digital builds."
Chainlink,https://chain.link,Crypto / Oracle,Decentralized oracle network connecting smart contracts to real-world data.
Nory,https://www.nory.ai,SaaS / Restaurant Ops,"AI platform for scheduling, inventory, and margin control in hospitality."
Quechua SS25 Lookbook,https://quechua.com,Fashion / Lookbook,"Seasonal outdoor collection lookbook highlighting gear, colorways, and fits."
Books About Food,https://www.booksabout.food/,Meida/Publishing,"Curated reads, essays, and resources exploring food culture, craft, and industry."
Junction,https://junction-studio.com,Product Studio,"Venture studio partnering with teams to validate, design, and ship new products."
Rauno Freiberg,https://rauno.me,Portfolio,"Designer–engineer portfolio showcasing interactive, type-driven web experiments."
Wittl,https://www.wittl.co,Design Studio,Brand and web studio crafting minimal identities and high-impact digital work.
carlhauser,https://www.carlhauser.com,Portfolio / Creative,"Personal portfolio presenting photography, direction, and bold visual projects."
Acctual,https://www.acctual.com,Fintech / SaaS,"Modern finance tools to automate payouts, reconciliation, and real-time reporting."
Runway,https://runwayml.com,AI Tool / Video,"AI video platform for text-to-video, editing, and creative production workflows."
Mother Root,https://motherroot.com,E-commerce / CPG,"Modern aperitifs and alcohol-free drinks with vibrant, chef-inspired flavors."
OFF MENU,https://www.offmenupodcast.co.uk,Media / Events,"Food culture platform hosting tastings, chef spotlights, and culinary stories."
MasterClass,https://www.masterclass.com,Education / SaaS,"Streaming classes taught by world-class instructors across arts, biz, and more."
The Bottom Line,https://www.economist.com/newsletters/the-bottom-line,Media / Analysis,"Clear explanations and takes on money, business models, and the creator economy."
Andersen,https://andersenlab.com,Agency / Dev,"Global software partner building scalable apps, platforms, and enterprise systems."
Kit,https://kit.co,E-commerce / Tools,Product curation and shoppable kits that simplify discovery and buying decisions.
Basewell,https://www.basewell.com,SaaS / AI,"No-code AI workspace for search, training, and automated knowledge workflows."
Plumb,https://www.plumbweb.io,Design / Dev,"Product team shipping crisp interfaces, design systems, and front-end builds."
Caleomag,https://www.caleomag.com,Media / Design,"Independent magazine exploring contemporary design, visuals, and culture."
incident.io,https://incident.io,SaaS / Reliability,"Incident response platform for alerts, comms, postmortems, and on-call ops."
AngelList,https://www.angellist.com,Startup Platform,"Hiring, fundraising, and investor tools powering the global startup ecosystem."
Gilion,https://www.gilion.com,Fintech,Founder-friendly growth financing with data-driven terms and flexible payback.
Avara,https://avara.xyz,Web3 / Software,Consumer crypto apps and protocols focused on open finance and on-chain UX.
Forma,https://www.joinforma.com,SaaS / HR,"Flexible employee benefits and stipends with budgets, policies, and compliance."
Mymind,https://mymind.com,SaaS / Notes,"Private, AI-organized visual notes to save, search, and remember anything."
Corner,https://www.cornerwebstudio.com,Design Studio,"Multidisciplinary studio crafting identities, sites, and motion for brands."
Adora,https://www.adora.so,SaaS / Analytics,"Product analytics and experimentation to grow activation, retention, and LTV."
Zenwood Studio,https://zenwood.studio,Design Studio,Nature-inspired branding and websites with calm aesthetics and strong craft.
Tom Parkes,https://www.tparkes.com,Portfolio,Photographer/creative portfolio with cinematic visuals and editorial work.
Willy Brauner,https://willybrauner.com,Portfolio / Creative,Designer–developer showcasing playful interactions and clean type systems.
Lazy Sundays,https://www.lazysundays.studio,E-commerce / Lifestyle,"Cozy apparel and home goods with relaxed fits, soft tones, and weekend vibes."
Sui Overflow 2025,https://sui.io/overflow,Conference / Web3,"Developer conference for Sui: talks, workshops, and hands-on dApp building."
Dauw,https://www.dauw.nl,Design Studio,"Independent studio crafting brands, websites, and thoughtful visual systems."
The Leap,https://www.theleap.co,SaaS / Creator Commerce,"All-in-one storefront for creators to sell digital products, courses, and kits."
Self Aware,https://selfaware.studio,Design Studio,"Strategy-led studio building clear identities, product design, and web."
Artifact,https://www.rtfct.com,Design Studio,"Product, brand, and web experiences with sharp type and precise motion."
Habitat,https://agencyhabitat.com,Marketing Agency,Full-service creative and performance marketing for modern brands.
Holland Design,https://www.hollanddesign.ca,Design Studio,"Canada-based studio delivering branding, packaging, and digital design."
Quillow,https://quillow.co,Design Studio,"Boutique team shipping brand identities, websites, and product UI."
Artboard,https://artboard.studio,SaaS / Design Tool,"Browser mockup and scene builder for brand, packaging, and UI presentations."
Spaces,https://spaces.is,Design Studio,"Minimal, systems-driven brand and web design for ambitious companies."
Marco Almeida,https://www.aboutmarco.com,Portfolio,Designer–developer portfolio with crisp case studies and interactive work.
Offgrid,https://www.offgrid-design.co,Design Studio,"Brand and web studio crafting clean, conversion-ready digital experiences."
Sketch,https://www.sketch.com,SaaS / Design Tool,"Vector design platform for UI, prototyping, and collaborative handoff."
Edition,https://www.editiondesign.co,Design Studio,"Brand and digital studio delivering identity, packaging, and web builds."
Old Friends,https://www.oldfriends.studio,Design Studio,"Creative studio making characterful brands, campaigns, and websites."
Atomize,https://atomizedesign.com,Design Studio,"Design-engineering team shipping UI systems, brands, and front-end builds."
Lovi,https://lovi.care,Health / CPG,"Care-focused wellness brand offering simple, trustworthy daily essentials."
Brooklyn Org,https://brooklyn.org,Nonprofit,"Community foundation funding justice, equity, and local Brooklyn initiatives."
Darkroom,https://www.darkroom.au,Design Studio,"Australian studio crafting bold identities, digital products, and sites."
Parthean,https://www.parthean.com,EdTech / Finance,Personal-finance learning app with bite-size lessons and actionable tools.
Folk,https://www.folk.app,SaaS / CRM,Lightweight relationship CRM for teams to organize contacts and workflows.
Superlist,https://www.superlist.com,SaaS / Productivity,"Modern tasks and notes app built for teams who want speed, focus, and flow."
Lithic,https://www.lithic.com,Fintech / Payments,"Card issuing & processing APIs to launch debit, credit, and virtual card programs."
Sensa,https://sensa.framer.website,Template / Portfolio,"Framer portfolio template with clean grids, case sections, and easy publishing."
Payload,https://payloadcms.com,SaaS / Headless CMS,"Open-source Next.js CMS and app framework for content, commerce, and admin UIs."
Precious,https://www.workbyprecious.com,Design Studio,Product and brand studio crafting digital experiences for ambitious teams.
Agora,https://www.agora.io,SaaS / Video & RTE,"Real-time voice, video, and interactive APIs for live apps and virtual events."
Wondermind,https://www.wondermind.com,Media / Mental Health,"Expert-backed mental fitness content, tools, and conversations you can use."
Cohere,https://cohere.com,AI Platform,"Enterprise LLMs and APIs for search, summarize, classify, and generate."
Offset,https://offset.framer.website,Template,Framer site template for product launches with bold hero and feature blocks.
Contra,https://contra.com,Marketplace / Freelance,"Independent-first marketplace to find, hire, and pay flexible talent."
Litebox,https://litebox.ai,Product Studio,"Go-to-market design & engineering for DevTools: brand, product, and growth."
Shawn Lukas,https://shawnlukas.com,Portfolio / Creative,"Designer–director portfolio blending brand, motion, and interactive builds."
Figma,https://www.figma.com,SaaS / Design,"Collaborative interface design, prototypes, Dev Mode, and design systems."
September Works,https://www.september.works,Design Studio,"Interface design studio making beautiful, functional, innovative UX."
Endless,https://endless.design,Design Studio,"Design partner for startups across brand, product, web, and design systems."
Quilt,https://www.quilt.com,Climate Tech / Home,"Smart, room-by-room heat pump system that cuts energy use and bills."
Shuttle,https://www.shuttle.dev,DevTool / Platform,"Rust-native serverless platform to build, deploy, and scale backends fast."
Nice People,https://nicepeople.com,Design Agency,"Award-winning LA studio for branding, packaging, web, and art direction."
Debut Studio,https://debut.studio,Web Agency,Newcastle web team building high-performing custom WordPress sites.
Opaque,https://opaque.framer.website,Template,"Minimal Framer template for case studies, services, and contact flows."
Freelance Things,https://www.freelancethings.co,Media / Resource,"Curated tools, tips, and templates to run a thriving freelance practice."
Plain,https://www.plain.com,SaaS / Support,Developer-first customer support platform with APIs and elegant workflows.
Ginkgo Bioworks,https://ginkgo.bio,Biotech,"Cell programming platform delivering R&D tools, data, and lab automation."
Liveblocks,https://liveblocks.io,SaaS / DevTool,Multiplayer building blocks and AI copilots to add realtime collab to apps.
Qatalog,https://qatalog.com,SaaS / Work OS,"Unified hub for people, projects, docs, and workflows across your tools."
Ramp Travel,https://ramp.com/travel?ref=a1.gallery,Fintech / Travel,"Corporate card + travel: book, manage, and control spend with real-time data."
Willis Tower,https://www.willistower.com,Real Estate / Landmark,"Chicago’s 110-story icon with offices, dining, and Skydeck views from The Ledge."
Robin Spielmann,https://www.iamrob.in,Portfolio,"Designer portfolio featuring crisp product UI, systems, and motion detail."
Linear,https://linear.app,SaaS / Product Dev,"System for issues, projects, and roadmaps with fast UI and product analytics."
Huly,https://huly.io,SaaS / Project OS,"Open, all-in-one platform for issues, chat, docs, and team planning."
Eva Sánchez,https://evasanchez.info,Portfolio,Art director & designer showcasing type-led identities and digital work.
GENBRAND,https://genbrand.design,Design Studio,Brand and web studio crafting strategic identities and conversion-first sites.
Primary Studio,https://www.primary.studio,Design Studio,"Minimal, systems-led branding and digital for modern products and culture."
Gulp Studio,https://www.gulpstudio.com,Design Studio,"Creative studio delivering bold brands, motion, and high-polish web builds."
Two,https://two-template.webflow.io,Template,"Webflow portfolio template with clean grids, case layouts, and fast setup."
Equals,https://equals.com,SaaS / Spreadsheet,"SQL-native spreadsheet for analysis, dashboards, and automated reporting."
Bryn Taylor,https://www.bryntaylor.co.uk,Portfolio,"Designer/creative portfolio with refined type, imagery, and case studies."
Renew Home,https://www.renewhome.com,Climate / Home,Home energy upgrades and insights to lower bills and reduce carbon impact.
Mobbin,https://mobbin.com,SaaS / Design Library,"Curated mobile/web UI patterns and flows to research, compare, and design faster."
Notion,https://www.notion.so,SaaS / Workspace,"Connected docs, wikis, and projects in one collaborative workspace."
Limitless,https://limitless.ai,AI / Productivity,"AI assistant for notes, recall, and task flow across apps and meetings."
Pipe,https://pipe.com,Fintech,Trade recurring revenue for upfront capital without dilution.
Kinsta,https://kinsta.com,SaaS / Hosting,"Managed cloud hosting with speed, security, and expert support."
Wedge,https://wedge.studio,Studio,"Creative/product studio crafting brands, interfaces, and launches."
SavvyCal,https://savvycal.com,SaaS / Scheduling,"Friendly scheduling with calendar overlay, round-robin, and team booking."
Instrument,https://instrument.com,Design Agency,"Strategy, brand, and product agency building experiences at global scale."
Kim,https://kim-template.framer.website,Template,"Framer agency template—hero, services, work grid, and polished case pages."
Givingli,https://givingli.com,Consumer App,Digital cards and gifts with personalized messages for any occasion.
Bakken & Bæck,https://bakkenbaeck.com,Product Studio,"Global product studio turning ideas into brands, apps, and ventures."
Aaron Rolston,https://aaronrolston.com,Portfolio,"Designer–developer portfolio; projects in UI, web, and interactive work."
Blunarova,https://www.blunarova.com,Creative Studio,"3D/motion-led studio crafting expressive visuals, brands, and web."
SuperHi,https://www.superhi.com,Education / SaaS,"Creative coding and design courses with projects, tools, and community."
Raycast,https://www.raycast.com,SaaS / Productivity,"Command bar for Mac to search, launch, script, and extend your workflow."
Fabric,https://fabric.so,SaaS,"Knowledge and docs platform to capture, organize, and retrieve information."
Bradley Ziffer,https://bradleyziffer.com,Portfolio,"Product designer portfolio focused on clean UI, systems, and craft."
Illo,https://illo.tv,Creative Studio,Illustration and motion studio creating playful brand worlds and videos.
Thomas Boyer-Gibaud,https://www.thomasboyergibaud.com,Portfolio,Designer portfolio with editorial typography and interactive case studies.
Practice,https://practice.inc,SaaS / CRM,"All-in-one client platform for coaches: CRM, scheduling, billing, and docs."
OutThere,https://www.outthere.studio,Design Studio,Brand and web studio delivering identity systems and high-impact sites.
Pitch-Works,https://pitch.works,Presentation Studio,"Presentation design for sales, fundraising, and product storytelling."
Claudia Mussett,https://clauaskee.com,Portfolio,Designer/illustrator portfolio featuring bold color and motion-driven work.
Valentin,https://www.heyvalentin.club,Portfolio,"Designer portfolio with crisp type, motion, and thoughtful interactive work."
Better Stack,https://betterstack.com,SaaS / DevOps,"Uptime, logs, and incident management to monitor, alert, and resolve faster."
Tomorrow,https://tomorrow.io,SaaS / Weather,"Weather intelligence platform for forecasting, alerts, and risk planning."
Glide,https://www.glideapps.com,SaaS / No-code,Build mobile apps from spreadsheets and databases—no code required.
Stripe Dev,https://stripe.dev,Docs / Developer,"Stripe’s developer hub with guides, examples, SDKs, and API tooling."
Potloc,https://www.potloc.com,SaaS / Research,"Social-sampling survey platform delivering fast, decision-grade consumer data."
Pin,https://www.pin.com,SaaS / Recruiting,"AI recruiting assistant for sourcing, outreach, screening, and scheduling."
Jasper,https://www.jasper.ai,AI Tool / Writing,"AI marketing copilot for brand-safe copy, campaigns, and on-brand content."
Retool,https://retool.com,SaaS / DevTool,Build internal apps fast with drag-and-drop UI and your data sources.
Stripe Sessions,https://stripesessions.com,Event,Stripe’s annual product and developer conference and session archive.
T72T,https://www.t72t.com,Portfolio / Creative,"Design portfolio showcasing bold visuals, web experiments, and identity work."
Recess,https://ourrecess.com,E-commerce / CPG,"Calm-cool beverages and supplements for mood, focus, and daily balance."
Browse,https://browse.framer.website,Template,"Framer portfolio template with clean grid, case pages, and quick setup."
Homestack,https://www.homestack.com,SaaS / Real Estate,White-label real-estate apps and IDX search for brokerages and teams.
Miro Intelligent Canvas,https://miro.com/intelligent-canvas,SaaS / Collaboration,"AI on your board to turn sticky notes into briefs, docs, and next steps."
Campsite,https://www.campsite.co,SaaS / Community,Central hub for product updates and community posts with rich embeds.
Redbrick,https://redbrick.coffee,E-commerce / Coffee,"Specialty coffee roaster with seasonal beans, brews, and subscriptions."
hers,https://www.forhers.com,Health / Telemed,"Women’s telehealth: treatments, prescriptions, and care plans online."
Framer,https://www.framer.com,SaaS / Web Builder,"Design-to-site builder for responsive websites, CMS, and on-page editing."
Uncut,https://uncut.wtf,Media / Culture,"Daily drops of weird internet links, tools, and cultural rabbit holes."
Cob,https://cobfoods.com,E-commerce / CPG,Corn-free snacks made from sorghum—popcorn flavors and pantry staples.
Marathon,https://www.onmarathon.com,Apparel / Footwear,Performance running footwear and gear with minimalist design language.
Sling,https://getsling.com,SaaS / Scheduling,"Employee scheduling, time tracking, and team messaging for shift work."
Jules Journey,https://jules-journey.framer.website,Template / Portfolio,Framer case-study template with long-form storytelling and smooth motion.
Succinct,https://www.succinct.xyz,Crypto / ZK,Decentralized prover network and tools that make zero-knowledge easy.
Flow Computing,https://flow-computing.com,Hardware / Chips,CPU/GPU-adjacent parallel processor to scale AI and data workloads.
Reworkd,https://www.reworkd.ai,AI Tool / Agents,"Build, run, and monitor AI agents for research, ops, and automation."
Tinyman,https://tinyman.org,Crypto / DeFi,"Algorand DEX for swaps, liquidity, and staking with low-fee trades."
Oddit,https://www.oddit.co,Agency / CRO,"E-commerce UX and CRO teardowns, redesigns, and reports that lift CVR."
For Good Design Lab,https://www.forgooddesignlab.com,Design Studio,Brand and digital studio partnering with social-impact and mission-led orgs.
Spot,https://www.spot.ai,AI / Video Security,"AI video platform turning camera footage into safety, ops, and security insights."
Native,https://www.native.inc,Design Studio,"Brand and digital studio building expressive identities, sites, and campaigns."
Airtree,https://www.airtree.vc,Venture Capital,Early-stage VC backing ambitious founders across Australia and New Zealand.
Replit,https://replit.com,SaaS / DevTool,"In-browser IDE to code, run, and deploy apps collaboratively in any language."
SayBriefly,https://say-breifly.webflow.io,AI Tool / Meetings,"AI turns client calls into clear transcripts, summaries, and actionable briefs."
Relocate Now,https://www.relocatenow.io,Relocation / Platform,"One hub for visas, housing, tax, and perks to simplify moving abroad."
Daniel Sun,https://danielsun.space,Portfolio,"Designer–developer portfolio with crisp type, motion, and interactive cases."
Wynn,https://houseofwynn.co,Design Studio,Strategy-led studio crafting personality-rich brands and websites.
Sania Saleh,https://www.sania.io,Portfolio,"Product designer portfolio—systems thinking, motion, and polished UI work."
Plot,https://www.plot.so,SaaS / Docs,"Visual docs for teams—present ideas, data, and product work beautifully."
Torch,https://torch-template.framer.website,Template,"Framer agency template with case grids, services, and smooth page transitions."
TechTO,https://www.techto.org,Community / Events,"Canada’s tech community: events, talks, and networking across the ecosystem."
Rune,https://www.rune.energy,Climate / Compute,Monetizes wasted clean energy by converting surplus power into computation.
Euphemia,https://euphemia.com,Family Office / VC,"Aussie family office funding startups, funds, and ecosystem initiatives."
Summer Smash Tennis,https://summersmashtennis.ca,Sports / Education,"Vancouver tennis lessons and camps for kids and adults, all levels."
Hyperlink,https://www.hyperlinknyc.com,Design Studio,"Small NYC studio crafting intuitive, detail-obsessed brand and web work."
Gev Design,https://www.gev.design,Product / Design,Fractional product design teams for fast-moving startups and platforms.
Craft,https://www.craft.do,SaaS / Docs,"Beautiful documents, notes, and wikis with fast sync and shareable pages."
Atlas,https://www.atlas.xyz,Web3 / Infrastructure,Blockchain for verifiable finance with low fees and fast pre-confirmations.
Semplice V7,https://www.semplice.com/v7,SaaS / Portfolio,"WordPress-based portfolio system for designers—fully custom, no templates."
Mono,https://mono.framer.media,Template,Minimal Framer portfolio template with bold type and case-study layouts.
Popcorn,https://www.popcorn.space,SaaS / Research,"Rapid user research hub to recruit, run studies, and synthesize insights."
Fabric,https://fabric.so,SaaS / Knowledge,"AI-first knowledge base to capture, organize, and retrieve team information."
Spellbook,https://www.spellbook.legal,AI Tool / Legal,"GPT-powered contract drafting and review inside Word, trained on legal data."
One Manor Place,https://omp.dentist,Healthcare / Dental,"Stoneybatter neighborhood dental practice with modern, patient-first care."
Spencer Gabor,https://spencergabor.work,Portfolio,"Illustrator–designer portfolio with vibrant brand, editorial, and motion work."
Attio,https://attio.com,SaaS / CRM,"Collaborative, API-friendly CRM for modern go-to-market teams."
Control,https://control.com,Media / Engineering,"Control & automation community with news, education, and technical resources."
Los York,https://losyork.tv,Creative Studio,"Award-winning studio blending design, film, and CG for global brands."
Ballpoint,https://www.weareballpoint.com,Growth / Creative,"London agency driving brand growth across creative, performance, and CRO."
Chatbase,https://www.chatbase.co,AI Tool / Chatbots,Train GPT-style chatbots on your data and embed them on your site in minutes.
Pelata Pieces,https://www.pelatapieces.com,E-commerce / Design,"Playful, Nordic-designed games and objects launched by Finnish Design Shop."
Jeton,https://www.jeton.com,Fintech / Wallet,"Multi-currency e-wallet to add, send, exchange, and pay across 25+ countries."
Flayks,https://flayks.com,Portfolio / Creative,"Félix Péault’s portfolio—concept-led digital design, motion, and experiments."
Cal.com,https://cal.com,SaaS / Scheduling,"Open scheduling platform with routing, round-robin, and powerful workflows."
Deeo Studio,https://deeo.studio,Design Studio,"Brand, product, and web experiences crafted with research and crisp execution."
Coherence,https://www.withcoherence.com,AI Tool / Research,"AI agents that run user interviews, learn over time, and deliver insights."
Vibrant,https://www.vibrantpractice.com,Health / AI,"AI tools for clinics: intake, notes, plans, and patient engagement automation."
Privy,https://www.privy.io,SaaS / Marketing,"Email, SMS, and popups to grow ecommerce lists and drive conversions."
Bucket,https://thebucketapp.com,Consumer App,"Social bucket list app to plan goals, share progress, and find inspiration."
Poolside,https://poolside.ai,AI Tool / Code,Code-native AI models to translate specs into working software and tests.
Article,https://www.article.com,E-commerce / Furniture,Modern furniture delivered fast with honest pricing and durable materials.
Polar,https://polar.sh,SaaS / DevTool,"Build & fund open-source: sponsorships, paywalled releases, and analytics."
Descript,https://www.descript.com,SaaS / Video & Audio,"Edit video and podcasts like docs—record, transcribe, and publish in one app."
Leel,https://www.leel.in,E-commerce / Wellness,Science-backed personal care and wellness products designed for daily use.
Aboard,https://www.aboardhr.com,SaaS / HR,"Lightweight HR platform for time off, onboarding, contracts, and culture."
Esme,https://weareesme.com,E-commerce / Apparel,"Seaweed-based, breathable underwear focused on comfort and skin health."
Arrival,https://arrival.com,EV / Manufacturing,Designing electric buses and vans with modular components and microfactories.
Outseta,https://www.outseta.com,SaaS / Ops,"All-in-one stack for memberships: auth, billing, CRM, email, and support."
Whalesync,https://www.whalesync.com,SaaS / No-code,Bi-directional sync between databases and no-code tools in real time.
Sana,https://sana.ai,SaaS / Knowledge,"AI-native knowledge platform for search, learning, and automated answers."
Podia,https://www.podia.com,SaaS / Creator,"Sell courses, downloads, coaching, and memberships with simple storefronts."
Rubie,https://rubiehq.com,SaaS / Post-Sale Ops,Automate customer provisioning and configuration to speed onboarding.
Zapier,https://zapier.com,SaaS / Automation,"Connect apps and automate workflows with triggers, actions, and AI steps."
Vucko,https://vucko.co,Design Studio,"Motion-first brand studio building identities, systems, and toolkits."
SLR Consulting,https://www.slrconsulting.com,Consulting / Sustainability,Global environmental and advisory consultancy for industry and infrastructure.
Portal,https://useportal.net,SaaS / Freelance,"Proposals, payments, file transfer, and client portals in one tidy toolkit."
Monolith,https://www.monolithai.com,AI / Engineering,Self-learning models that cut physical testing and speed product development.
Notion,https://www.notion.com,SaaS / Workspace,"Connected docs, wikis, and projects for teams to plan and ship work."
incident.io,https://incident.io,SaaS / Reliability,"Incident response, comms, automations, and postmortems for fast-moving teams."
Carefree,https://carefreespace.org,Nonprofit / Community,"Global network creating supportive, stigma-free spaces for youth mental health."
Valley,https://www.valley.studio,Design / Fabrication,"Studio crafting custom interiors, furniture, and build projects with craft."
Invertase,https://invertase.io,Dev Studio / OSS,"Team behind Firebase/Flutter tools, SDKs, and DX consulting for developers."
Langbase,https://langbase.com,AI Tool / Backend,"Serverless platform to build, evaluate, and ship LLM features and workflows."
Planhat,https://www.planhat.com/keynote?ref=a1.gallery,SaaS / CS,"Customer platform for revenue teams—health, product data, playbooks, and ops."
Making Software,https://www.makingsoftware.co,Media / Education,Essays and resources on shipping reliable software and product practices.
Profluent,https://www.profluent.bio,Biotech / AI,Generative biology designing novel proteins and cell therapies.
Mangopay,https://mangopay.com,Fintech / Payments,"Modular payments for platforms: onboarding, wallets, payouts, and risk."
Brave Studio,https://studio-brave.webflow.io,Design Studio,"Independent studio creating brands, websites, and standout campaigns."
Fey,https://www.fey.com,Fintech / Research,"Real-time earnings, data, and insights—Fey is now part of Wealthsimple."
Pie,https://www.pie.tax,SaaS / Finance,"Simple tax workflow software for creators, freelancers, and small teams."
Arthur,https://www.arthur.ai,AI Platform,"Evaluate, secure, and monitor AI systems with guardrails and continuous evals."
The Line Studio,https://thelinestudio.com,Design Studio,Boutique brand and web studio with elegant type and precise motion.
TerraPower,https://www.terrapower.com,Energy / Nuclear,Advanced nuclear tech including Natrium reactors and cancer treatment isotopes.
Tiempo,https://tiempocompany.com,Media / Latino,Culture-led media company serving US Latino audiences and advertisers.
Endex,https://endex.ai,AI Tool / Agent Ops,"Evaluate, debug, and observe AI agents and workflows in production."
The Department of Bed Intentions,https://bedintentions.com,DTC / Home,"Bold bedding brand mixing artful prints with premium, comfy textiles."
Antimetal,https://antimetal.com,SaaS / Cloud,"AI-driven AWS savings: rightsizing, commitments, and automated cost control."
Outshift,https://outshift.webflow.io,Design Studio,"Venture design partner building brands, products, and launch sites."
Chargetrip,https://www.chargetrip.com,SaaS / EV,"EV routing APIs to plan trips, find chargers, and optimize charging costs."
Noxus,https://www.noxus.ai,AI Tool / Ops,"Governed AI workers to resolve tickets, cite policy, and write back to systems."
Keel,https://keel.so,SaaS / ERP,"Modern, programmable ERP to replace spreadsheet sprawl for ops teams."
Bytebot,https://www.bytebot.ai,AI Tool / Support,"AI agents for support and onboarding across chat, email, and docs."
Corcel,https://corcel.io,SaaS / Data,Fast Postgres + Redis in one engine with real-time sync and edge caching.
Ada,https://www.ada.cx,AI Tool / Support,AI customer service agents that autonomously resolve the majority of tickets.
Height,https://height.app,SaaS / Project,Autonomous project management for product teams with agentic workflows.
ElevenLabs,https://elevenlabs.io,AI Tool / Voice,"Hyper-realistic AI voices, dubbing, and sound design for apps and media."
GEP,https://www.gep.com,SaaS / Procurement,"AI-powered source-to-pay software, consulting, and managed services."
Era,https://www.eranyc.com,Accelerator / Fund,NYC accelerator + fund backing early-stage tech teams twice per year.
Tavus,https://www.tavus.io,AI Tool / Video,"Create personalized, conversational AI video humans for sales and support."
Profound,https://www.tryprofound.com,SaaS / SEO for AI,Measure and improve brand visibility inside AI search and answer engines.
Passionfroot,https://www.passionfroot.me,SaaS / Creator Ops,"Manage sponsors, bookings, invoices, and media kits in one creator OS."
Primer,https://primer.io,Fintech / Payments,"No-code payment routing, methods, risk, and subscriptions via one integration."
Fictional,https://fictional-typeface.com,Typeface,Contemporary serif/sans family for editorial and brand systems.
Yianni Mathioudakis,https://www.yiannifive.com,Portfolio,"Motion-led creative director portfolio—3D, brand, and interactive work."
Jonas Pelzer,https://jonaspelzer.com,Portfolio,"Designer–developer portfolio with refined type, motion, and crisp UI."
Causal,https://www.causal.app,SaaS / FP&A,"Driver-based planning, scenarios, and dashboards powered by a smart spreadsheet."
Daisy AI,https://www.hidaisy.ai,AI Tool / Notes,"AI creative collaborator to capture ideas, plan content, and organize work."
Clay,https://clay.earth,SaaS / Personal CRM,"Beautiful, privacy-first relationship manager across phone, desktop, and web."
Buffer,https://buffer.com,SaaS / Marketing,"Plan, publish, and analyze social content with simple, affordable tools."
Framer,https://www.framer.com/?via=bryn&ref=a1.gallery,SaaS / Web Builder,"Design-to-site builder with CMS, components, and real-time editing."
Rhea,https://www.rhea-fertility.com,Health / Fertility,"Global fertility platform with clinics, egg bank, and tech-enabled care."
Basedash,https://www.basedash.com,SaaS / Data Admin,"Secure, shared data admin tool to query, edit, and review production data."
Leverage,leverage.framer.website,Website Design,Showcase early-stage startups with expert product storytelling.
CodeFortify,codefortify.ai,AI Tool / Security SaaS,Open-source security for apps and cloud posture management.
Blaze AI,blaze.ai,AI Tool / Marketing SaaS,"AI marketer that automates content, strategy, and weekly growth."
Datafold,datafold.com,Data SaaS,"Automates data workflows, migrations, testing, and monitoring."
Feedly,feedly.com,SaaS / AI Tool,Research topics and trends fast with AI-powered insights.
Thunderbit,thunderbit.com,SaaS / AI Tool,AI scraper extension converting web content into clean tables.
Earth.fm,earth.fm,Nonprofit / Media,Nonprofit sound library with immersive global nature audio.
Pathway,pathway.cc,SaaS / Research,UX research platform to validate solutions with fast responses.
Osmos,osmos.social,AI Social SaaS,AI-powered network matching users with meaningful connections.
Viewpoint,viewpoint-saas,SaaS Template,"Webflow SaaS template with adaptable, modern design layouts."
Epsilla,epsilla.com,AI Tool / SaaS,Agent-as-a-Service to build enterprise AI agents easily.
Kernel,eatkernel.com,E-commerce / Food,Plant-based food brand making sustainable eating simple.
ToDesktop,todesktop.com,SaaS / Dev Tool,Convert web apps into desktop apps in minutes.
Stripe Dev,stripe.dev,Fintech / Dev Tool,"Stripe APIs for payments, payouts, and business apps."
Winkyface Studio,winkyface.studio,Design Studio,"Playful design studio creating bold, structured brand visuals."
Amplemarket,amplemarket.com,AI Tool / Sales SaaS,AI sales copilot boosting pipeline with personalization.
Eisku,eisku.com,E-commerce / Furniture,Eco furniture brand blending design with sustainability.
Five Pathways,fivepathways.com,Fintech / Advisory,Retirement planning to reach financial goals with confidence.
VSCO,vsco.co,Creative SaaS,"Tools, editor, and global creative network for photographers."
Charlotte Stone,charlotte-stone.com,E-commerce / Fashion,"Bold, colorful footwear crafted for comfort and style."
ReturnQueen,returnqueen.com,E-commerce SaaS,Manage online returns with home pickups and refund tracking.
Lemon Squeezy,lemonsqueezy.com,Fintech / SaaS,Sell SaaS & digital goods while tax compliance is handled.
Fuselio,fuselio.com,SaaS / Dev Studio,Builds custom apps for startups to scale faster.
Sound Ethics,soundethics.org,Nonprofit / Music,Advocating ethical AI in music to protect creators.
ClickFunnels,clickfunnels.com,SaaS / Marketing,"Tools to market, sell, and deliver online without tech teams."
Aurora Template,az-aurora,SaaS Template,Webflow HTML template designed for modern websites.
Reown,reown.com,Web3 / SaaS,Build intuitive apps for secure digital ownership.
CoinSwitch,coinswitch.co,Fintech / Crypto,India’s largest crypto app trading 350+ digital assets.
W1tty,w1tty.com,Fintech / EdTech,Finance app teaching money skills and offering smart tools.
Letterly,letterly.app,AI Tool / Productivity,"Turn voice into structured notes, posts, and summaries."
Martex Template,martex-saas,SaaS Template,"Flexible SaaS Webflow template with clean, modern design."
Klaviyo,klaviyo.com,SaaS / AI CRM,AI CRM unifying omnichannel marketing for B2C brands.
MailerLite,mailerlite.com,SaaS / Marketing,Marketing automation to grow audiences and boost sales.
Talespinner,talespinner.io,AI Tool / Writing,AI writing tool helping novelists build plots and characters.
Hootsuite,hootsuite.com,SaaS / Marketing,Manage and analyze social media across platforms easily.
Buffer,buffer.com,SaaS / Marketing,Schedule and publish content consistently across social media.
Kajabi,kajabi.com,SaaS / E-learning,"All-in-one platform for courses, coaching, and memberships."
Burogu.pro,burogu.pro,SaaS / Blogging,"SEO-ready, no-code blog builder that’s fast and hassle-free."
JNPR Spirits,jnprspirits.com,E-commerce / Beverage,Premium French non-alcoholic spirits with rich botanicals.
Grain,grain.com,SaaS / AI Tool,"Meeting summaries, insights, and coaching suggestions for growing teams."
Vazzi,vazzi.fun,E-commerce / Wellness,"Water-based lubricant for comfort, fun, and everyday pleasure."
Front,front.com,SaaS / CX Platform,"Modern CX platform delivering automation, insights, and customer-first service."
Wealthfront,wealthfront.com,Fintech,Automated investing with APY cash accounts and expert-built portfolios.
GroomLead,groomlead.com,AI Tool / Sales SaaS,AI-driven B2B lead generation with smart targeting and personalization.
Logaflow,logaflow.com,SaaS / Dev Tool,Feedback and bug tracking widget to improve apps and reduce churn.
Coinshift,coinshift.xyz,Fintech / Crypto,"Simplifies treasury ops, delivers insights, and boosts transparency."
DJI,dji.com,Hardware / Tech,"Consumer drones, stabilizers, and pro tools for smooth visual capture."
Prediko,prediko.io,Business App / E-commerce,Shopify app for D2C brands to manage inventory and predictions.
Buddy Works,buddy.works,Developer Tool,DevOps copilot for fast CI/CD and platform engineering.
Checkmyfile,checkmyfile.com,Fintech,"View Experian, Equifax, TransUnion credit data in one detailed report."
Busy Bar,busy.bar,Productivity App,Personal busy status with Pomodoro timer and open-source flexibility.
Feta.io,feta.io,SaaS,Not enough data available to classify.
TapRefer,taprefer.com,SaaS / Affiliate,"Discover affiliate programs, compare rates, and monetize content fast."
Fly.io,fly.io,Developer Tool,"Deploy app servers close to users for faster, global performance."
AgentQL,agentql.com,AI Tool / Automation,Build AI agents using natural language queries and web data.
Billables AI,billables.ai,AI Tool / SaaS,"Auto-track billable hours for lawyers, consultants, and pros."
Pirsch,pirsch.io,SaaS / Analytics,Privacy-first open-source analytics—cookie-free and lightweight.
Podia,podia.com,SaaS / Creator,"All-in-one platform for sites, blogs, products, and online sales."
Hatch FM,hatch.fm,SaaS / Audio,Turn recordings into content engines for creators and businesses.
Figdam,figdam.com,SaaS / Design,Sync and manage campaign assets in Figma and Webflow.
UXKosta,uxkosta.com,Portfolio / Design,"Freelance designer creating websites, apps, and visuals."
Pixyer AI,pixyer.ai,AI Tool / E-commerce,AI background generator for product photos and e-commerce visuals.
MotherDuck,motherduck.com,SaaS / Analytics,"Cloud analytics built on DuckDB—fast, scalable, and modern."
OpenServ AI,openserv.ai,AI Lab,AI research lab building infra for autonomous agents.
TimeOS,timeos.ai,AI Tool / Productivity,"AI for time management, notes, scheduling, and task automation."
Cur8ed,cur8ed.app,E-commerce / Fashion,Curated fashion feed bringing all your favorite brands together.
Arcads AI,arcads.ai,AI Tool / Video,"Generate UGC videos with scripts, actors, and AI in 2 minutes."
Flexport,flexport.com,SaaS / Supply Chain,Global logistics platform for cost savings and carbon-neutral trade.
PathPilot,getpathpilot.com,Fintech / AI Tool,"Build secure AI agents for banks and fintechs, fast and compliant."
Checkr,checkr.com,SaaS / HR Tech,AI-powered background checks to hire faster and scale.
Replika,replika.ai,AI Tool / Social,"AI companion app for chatting, growth, and personal support."
Overlap,joinoverlap.com,AI Tool / Video,Automates clipping and posting video content with AI agents.
Voxa Pro,voxa.pro,AI Tool / Productivity,"AI voice assistant integrated with Notion, Tasks, and Calendar."
Weave,getweave.com,SaaS / Communication,Phone system + comms suite to automate tasks and payments.
CodeGroupie,codegroupie.com,SaaS / Community,Collaborate on open-source projects and connect with developers.
Hasura,hasura.io,SaaS / AI Tool,High-impact decision-making and automation powered by AI.
Mac Mini,apple.com/mac-mini,Hardware,Apple Mac mini with M4 chips and Apple Intelligence features.
Index App,index.app,Business App / BI,Collaborative BI platform for dashboards and data insights.
Butter,butter.us,SaaS / Collaboration,Virtual collaboration tool for engaging sessions and workshops.
BetterStack,betterstack.com,SaaS / DevOps,"AI-native platform for monitoring, incident response, and logs."
Shoyokoko,shoyokoko.co,Website,Limited data available. Brand portfolio placeholder.
Genway AI,genway.ai,AI Tool / Research,AI user research platform automating interviews for insights.
Genbler,genbler.com,AI Tool / Content,AI platform for streamlined content creation and automation.
Postiz,postiz.com,SaaS / Marketing,"Manage, schedule, and analyze all social media in one dashboard."
Agree.com,agree.com,SaaS / LegalTech,"Contract-to-payment with e-signatures, invoices, and payments."
Quorini,quorini.com,SaaS / Dev Tool,"Visual backend builder for serverless apps, web, and mobile."
Segwise AI,segwise.ai,AI Tool / Marketing,"AI agents to tag creatives, analyze data, and boost ROAS."
BetterBugs,betterbugs.io,SaaS / Dev Tool,"Debugging with AI: screenshots, logs, and instant replay."
Diaflow,diaflow.io,AI Tool / Productivity,Build AI workflows across teams to enhance productivity and efficiency.
ATPCO,atpco.net,Aviation Tech,Airline pricing and fare distribution solutions.
TechTO,techto.org,Community / Networking,Canada’s leading tech community to meet leaders and share ideas.
Blitzit,blitzit.app,Productivity App,Simple to-do list + timer with Notion & Google Calendar integration.
Tars,hellotars.com,SaaS / AI Tool,No-code AI agent builder for workflow automation and engagement.
Weam.ai,weam.ai,AI Tool,Not available (site error).
OpenPipe,openpipe.ai,AI Tool / Enterprise,Fine-tuning and deployment of AI models for enterprises.
TripIt,tripit.com,Travel App,"All-in-one app to organize travel plans, reminders, and alerts."
Socap AI,socap.ai,AI Tool / Investment,AI investor and coach for AI-native solo startup founders.
Cademy,cademy.xyz,E-learning / SaaS,CAD courses on Rhino & Grasshopper 3D with expert instructors.
Buck Mason,buckmason.com,E-commerce / Fashion,Timeless men’s clothing inspired by California craftsmanship.
Presence Bio,presence.bio,Domain / Website,Domain for sale via ExpiredDomains.com.
Agree (PH),agree.com/product-hunt,SaaS / LegalTech,"Secure e-signatures, invoicing, and integrated payment workflows."
Spellbook,spellbook.legal,SaaS / LegalTech,"AI contract review for lawyers, embedded in Microsoft Word."
Resonance,theresonance.studio,Design Studio,AI-driven brand and product studio for founders and startups.
Ledbury,ledbury.com,E-commerce / Fashion,Men’s apparel brand specializing in shirts and accessories.
ListenUp,listenup.ai,AI Tool / Feedback,Centralize customer feedback directly into Notion.
Composio,composio.dev,AI Tool / Dev,APIs and SDKs enabling AI agents to interact with business apps.
Granola,granola.ai,SaaS / Productivity,Turn raw meeting notes into polished team-ready documentation.
CleanMyMac Biz,macpaw.com,SaaS / IT,Manage Mac devices with 20+ tools for security & performance.
Marketeam AI,marketeam.ai,AI Tool / Marketing,AI marketing agents maximizing ROI and growth efficiency.
InkStory,inkstory.app,Mobile App / Lifestyle,Audio tattoos app that brings ink to life with stories.
Zipy AI,zipy.ai,AI Tool / Dev,Debug mobile apps with AI-powered replays for errors.
Humiris,humiris.ai,AI Tool / LLM,Build custom reasoning models with higher accuracy and speed.
Fenado,fenado.ai,AI Tool / Dev Agency,"AI-powered design-to-app agency delivering faster, cheaper builds."
arby Parker,warbyparker.com,E-commerce / Eyewear,"Eyeglasses and sunglasses with home try-on, vision care, and modern designs."
Bee,bee.computer,Hardware / AI Device,Wearable personal AI assistant for on-the-go help and context.
MVMT,mvmt.com,E-commerce / Fashion,"Watches, eyewear, and accessories with modern designs and 95K+ reviews."
JustFab,justfab.com,E-commerce / Fashion,"Membership fashion brand for shoes, clothing, and accessories."
DHL India,dhl.com/in-en,Logistics,"International shipping, courier, and logistics for India and beyond."
Viator,viator.com,Travel / Marketplace,"Book tours, activities, and experiences worldwide with trusted reviews."
Scrapeless,scrapeless.com/en,SaaS / Web Scraping,"Full-stack scraping toolkit: APIs, browser, captcha solver, and proxies."
QuickBooks Global,quickbooks.intuit.com/global,Fintech / Accounting,"Accounting, invoicing, payroll, and GST-ready tools for small businesses."
Taplo,taplo.io,SaaS / Marketing,Real-time social proof popups to boost conversions and credibility.
GoWhale,gowhale.com,Fintech / Real Estate,Renter-owned high-yield savings replacing security deposits at zero cost.
Sparkbase,sparkbase.ai,AI Tool / Sales,AI sales using B2B data + live web signals for personalized outreach.
XPO,xpo.com,Logistics,LTL freight shipping provider in North America with instant quotes.
Werner,werner.com,Logistics,Trucking & logistics company serving USA & Mexico freight.
Codev,co.dev,AI Tool / Dev,AI-powered platform that converts text into full-stack Next.js apps.
Skyvern,skyvern.com,Business App,Automate browser-based workflows with LLMs + Computer Vision.
Webdone,webd.one,Developer App,AI landing page builder with SEO & responsive design.
Opera Air,opera.com/air,Browser,Distraction-free mindful browsing with Opera Air.
Supabase,supabase.com,SaaS / Dev Tool,Open-source Firebase alternative with Postgres & instant APIs.
Plaid,plaid.com,Fintech,API platform connecting financial accounts to apps securely.
NG Bailey,ngbailey.com,Construction,UK-based independent engineering & services business.
Nowadays,getnowadays.com,SaaS / Events,Automated corporate event planning with exclusive partnerships.
Limitless AI,limitless.ai,AI Tool,Personalized AI assistant powered by your personal data.
Taylor Lane,taylor-lane.co.uk,Construction,UK timber frame systems manufacturer for 40+ years.
Lendlease UK,lendlease.com/uk,Real Estate,Global property & infrastructure development firm.
Target,target.com,Retail / E-commerce,"Shop groceries, essentials, clothing, and electronics online."
Lovable,lovable.dev,SaaS / Dev Tool,Build software products using only a chat interface.
ToolFinder,toolfinder.co,SaaS / Directory,Discover thousands of productivity tools for work & life.
Gumloop,gumloop.com,SaaS / Automation,No-code AI platform to build and host business automations.
Glencar,glencar.com,Construction,"UK construction of logistics, industrial & distribution sites."
Ayush Wanjari,ayushwanjari.com,Portfolio,Designer building software & websites across industries.
Planzer,planzer.io,SaaS / Productivity,Centralize tasks & calendars to plan more productive weeks.
UsePortal,useportal.net,SaaS / Business,"Send proposals, collect payments, manage subs & invoices."
Josh Dring,joshdring.com,Portfolio,UK-based UX designer solving complex problems sustainably.
Figr Design,figr.design,SaaS / Design,AI design agent generating production-ready UX flows.
ADCO Construction,adcoconstruction.co.uk,Construction,"UK-based builders for extensions, new builds, and refurb."
Earn It,youearnit.com,Mobile App / Health,App rewarding healthy lifestyle choices with real cash.
Orchestra,getorchestra.com,SaaS / Business,"Client portal to accept payments, manage tasks & documents."
Tonemaki,tonemaki.com,SaaS / Design,"No-code sites, 2D/3D design & motion graphics services."
Aritro,aritro.xyz,Portfolio,"Product designer crafting clean, intuitive digital interfaces."
Stockimg AI,stockimg.ai,AI Tool / Design,"AI tool to generate logos, posters, wallpapers & graphics."
GoBolt,gobolt.com,SaaS / Logistics,Sustainable 3PL provider offering logistics and carbon-conscious delivery.
Recraft AI,recraft.ai,AI Tool / Design,Generate high-quality vector artwork & export to SVG instantly.
Asana,asana.com,SaaS / Productivity,"Manage work, tasks, and projects anywhere with Asana’s collaboration hub."
Logiwa,logiwa.com,SaaS / Logistics,"Cloud-native WMS for high-volume B2B, DTC & 3PL fulfillment."
Cleveland Clinic,clevelandclinic.org,Healthcare / Nonprofit,"Nonprofit medical center for clinical care, research & education."
Bringg,bringg.com,SaaS / Logistics,Fulfillment and delivery orchestration platform for enterprises.
PCL,pcl.com,Construction,Employee-owned firm delivering building & infrastructure projects.
Allwyse,allwyse.io,SaaS / Coaching,Marketplace for coaches to sell services with AI integration.
Hoody,hoody.com/ai,SaaS / Security,"AI VPN & privacy toolkit for anonymous, per-app browsing."
Portkey,portkey.ai,AI Tool / SaaS,"AI gateway with observability, guardrails & prompt management."
Guidde,guidde.com,SaaS / Documentation,Create step-by-step videos and guides instantly.
ShipBob,shipbob.com,SaaS / E-commerce,E-commerce fulfillment with 2-day shipping & inventory tools.
GlassFlow,glassflow.dev,SaaS / Data,Data pipeline tool from Kafka to ClickHouse with 10x efficiency.
Christy Dawn,christydawn.com,E-commerce / Fashion,Regenerative fashion brand promoting sustainability in apparel.
Khan Academy,khanacademy.org,Nonprofit / Education,Free world-class online courses across multiple subjects.
Unriddle AI,unriddle.ai,AI Tool / Research,"Automate research workflows with AI, verify sources & collaborate."
CodeChef,codechef.com,E-learning / Dev,"Coding practice, contests, and beginner-friendly courses."
Just Salad,justsalad.com,E-commerce / Food,Plant-forward restaurant brand with reusable bowls & menu variety.
Popcorn,popcorn.space,SaaS / Telco,Next-gen telecom offering global plans with no roaming fees.
Coursera,coursera.org,E-learning / SaaS,Online courses & degrees from leading universities & companies.
Simplilearn,simplilearn.com,E-learning,Online bootcamps and certifications for career growth.
Android Auto,android.com,Tech / Auto,Smart driving companion connecting your phone to your car.
Equals,equals.com,SaaS / Analytics,"All-in-one GTM analytics syncing Salesforce, Stripe & SQL."
Alison,alison.com,E-learning,Free online courses with certificates to upskill careers.
EatCala,eatcala.com,E-commerce / Food,Paris-based customizable pasta & salad restaurants.
O’Halloran & O’Brien,ohob.com,Construction,Construction services provider in the UK.
Swatle,swatle.ai,AI Tool / Productivity,Boost productivity with AI-powered project updates & ticketing.
Quso AI,quso.ai,AI Tool / Video,Video repurposing & scheduling tool trusted by creators.
Rootly,rootly.com,SaaS / DevOps,AI-native platform for incident management & on-call response.
Overpass,overpass.com,SaaS / Talent,Marketplace for hiring remote sales & support reps with ease.
Lovo AI,lovo.ai,AI Tool / Voice,AI voice generator & TTS with 500+ voices in 100+ languages.
Picflow,picflow.com,SaaS / Creative,Client gallery & collaboration platform for creative pros.
Zeplin,zeplin.io,SaaS / Design,Design delivery tool bringing harmony to designers & devs.
Dorik,dorik.com,SaaS / Website Builder,"AI website builder with SEO, design tools, and business features."
Tiledesk,tiledesk.com,SaaS / AI Chatbot,Open-source no-code platform for AI chatbots + live agents.
Fliki,fliki.ai,AI Tool / Video,"AI video generator with TTS, clips, and voiceovers."
Affine,affine.pro,SaaS / Editor,"Universal editor to work, present, play, and create anything."
Pretty Progress,prettyprogress.app,Mobile App / Productivity,Countdown timers & widgets for iOS Home & Lock Screen.
Kino,shotwithkino.com,SaaS / Video,"Cinematic video app with LUTs, presets & pro tools."
Riley,rileyapp.com,SaaS / Family,AI-powered app with personalized guidance for families.
Column,column.com,Fintech,Nationally chartered bank for developers & financial builders.
Clipdrop,clipdrop.co,AI Tool / Design,"AI tools for image cleanup, background removal & upscaling."
Triage,triage.cc,Mobile App / Productivity,iPhone app to keep up with busy email inboxes easily.
Samara,samara.com,Real Estate,Backyard homes & ADUs with elevated design & solar power.
Fable & Mane,fableandmane.com,E-commerce / Beauty,"Ayurvedic-inspired vegan, cruelty-free haircare products."
Capital,capital.xyz,Fintech,"Manage raising, holding, spending & sending funds in one place."
Traverse,traverse.link,SaaS / Learning,"Learning tool with mind maps, spaced repetition & notes."
Crappy Presentations,crappypresentations.com,Design Agency,Presentation design agency for decks & corporate visuals.
Making Software,makingsoftware.com,Reference / SaaS,Reference manual for software designers & builders.
Boring Dice,boringdice.app,Mobile App / Fun,"Simple, stunning, tactile dice roller app for iOS."
Status,status.app,Crypto / Messenger,Decentralized crypto wallet + private messaging app.
Robbin Forssell,robbinforssell.com,Portfolio,Designer focused on e-commerce & user-centered digital design.
Sefik Mujkic,sefikmujkic.com,Portfolio,Sarajevo-based designer with 10+ years in B2B/B2C software.
UFO Timeline,ufotimeline.com,Website / Info,Online overview & resources on UFO phenomena.
NotifPay,notifpay.com,SaaS / Marketing,Display live purchases as social proof to boost conversions.
Naoma AI,naoma.ai,AI Tool / SaaS,AI demo agent to auto-qualify leads and sync to CRM.
Plants to the Rescue,plantstotherescue.co,E-commerce / Health,"Organic herbal tinctures blending Ayurveda, TCM & Western remedies."
HeyEddie,heyeddie.ai,AI Tool / Video,Prompt-to-video editor for crafting interview stories. (Not available)
Obscura,obscura.net,Software,Photography software for Mac users.
After Party Studio,afterparty.studio,Creative Agency,"Creative production studio making ads, films, and content. (Not available)"
NextUpKit,nextupkit.com,Web App / Dev,Next.js starter kit & boilerplate for SaaS launches.
Directify,directify.app,SaaS / Website Builder,Build your own directory website quickly and easily.
NumeralHQ,numeralhq.com,SaaS / Fintech,Fully managed sales tax compliance platform.
MyWebSEO,mywebseo.ai,SEO Tool,Instant AI-powered SEO analysis & optimization tips.
Sahha,sahha.ai,API / Health,"API for wellness, sleep & biomarker insights integration."
Skarbe,skarbe.com,AI Tool / Sales,"AI sales assistant that tracks emails, meetings & next steps."
Produktly,produktly.com,SaaS / Product,"Product tours, checklists, roadmaps & feedback widgets."
Zencoder AI,zencoder.ai,AI Tool / Dev,AI agent automating coding tasks & enhancing collaboration. (Not available)
Cursor,cursor.com,AI Tool / Dev,AI-powered IDE built to maximize coding productivity.
Wisprflow,wisprflow.ai,AI Tool / Writing,"Seamless voice dictation app for fast, clear writing."
BrowserAgent,browseragent.dev,AI Tool / Browser,Create custom AI agents running in your browser.
Embra,embra.ai,AI Tool / Productivity,AI tool that learns your work to manage and automate tasks.
AnswerHQ,answerhq.co,AI Tool / Support,AI customer support powered by your own content.
Fabric,fabric.so,SaaS / Productivity,"Unified digital workspace for files, clouds & notes."
n8n,n8n.io,SaaS / Automation,Workflow automation platform combining code + no-code.
Tella,tella.com,SaaS / Video,"Screen recorder for product demos, tutorials & courses."
Glean,glean.com,AI Tool / Work,"Work AI platform to search, create & automate with enterprise data."
Lens Protocol,lens.xyz,Web3 / SocialFi,Blockchain-based decentralized social platform.
Paragon,useparagon.com,SaaS / Dev Tool,Embedded integration platform to build SaaS integrations.
Laws of UX,lawsofux.com,Website / Design,Collection of UX design principles & best practices.
OrbitXPay,orbitxpay.com,Web3 / Fintech,VISA-powered crypto card to spend digital assets globally.
StoryBlocker,storyblocker.com,AI Tool / AR,Mobile AR + 3D tool for creating visualized assets.
Litur,litur.app,Mobile App / Design,"Color picker app to find, collect & organize real-world colors."
Madison Reed,madison-reed.com,E-commerce / Beauty,"At-home ammonia-free hair dye for healthy, natural color."
Moment,shopmoment.com,E-commerce / Photography,"Camera gear, online courses, and digital goods by creators."
LogoAI,logoai.com,AI Tool / Design,AI-powered logo generator & brand identity creator.
Hyperplex,hyperplex.xyz,Web3 / Finance,Boost LP positions with amplified DeFi yield sources.
Scandiboom,scandiboom.com,E-commerce / Art,Posters & wall art shipped worldwide from Copenhagen.
Allbirds,allbirds.com,E-commerce / Fashion,Eco-friendly shoes & apparel made from natural materials.
Rush & Danit,rushanddanit.com,Website / Portfolio,Creative duo portfolio site.
Airtable,airtable.com,SaaS / AI Tool,AI-native platform to build apps & deploy AI agents at scale.